{"IcoMoonType":"selection","icons":[{"icon":{"paths":["M230.4 857.6c-52.303-52.303-52.303-638.897 0-691.2 51.304-51.304 511.896-51.304 563.2 0 52.303 52.303 52.303 638.897 0 691.2-51.304 51.304-511.896 51.304-563.2 0zM768 512v-320h-512v640h512zM320 672c0-17.6 57.6-32 128-32s128 14.4 128 32c0 17.6-57.6 32-128 32s-128-14.4-128-32zM640 672c0-17.6 14.4-32 32-32s32 14.4 32 32c0 17.6-14.4 32-32 32s-32-14.4-32-32zM320 544c0-17.6 57.6-32 128-32s128 14.4 128 32c0 17.6-57.6 32-128 32s-128-14.4-128-32zM640 544c0-17.6 14.4-32 32-32s32 14.4 32 32c0 17.6-14.4 32-32 32s-32-14.4-32-32zM320 352c0-17.778 85.333-32 192-32s192 14.222 192 32c0 17.778-85.333 32-192 32s-192-14.222-192-32z"],"attrs":[{}],"isMulticolor":false,"isMulticolor2":false,"grid":0,"tags":["bill"]},"attrs":[{}],"properties":{"order":2,"id":0,"name":"bill","prevSize":32,"code":59648},"setIdx":0,"setId":2,"iconIdx":0}],"height":1024,"metadata":{"name":"icomoon"},"preferences":{"showGlyphs":true,"showQuickUse":true,"showQuickUse2":true,"showSVGs":true,"fontPref":{"prefix":"icon-","metadata":{"fontFamily":"icomoon"},"metrics":{"emSize":1024,"baseline":6.25,"whitespace":50},"embed":false},"imagePref":{"prefix":"icon-","png":true,"useClassSelector":true,"color":0,"bgColor":16777215,"classSelector":".icon"},"historySize":50,"showCodes":true,"gridSize":16}}